product_id,product_name,mrp,Is_discontinued,manufacturer_name,pack_size_label,short_composition1,short_composition2
1,Augmentin 625 Duo Tablet,223.42,FALSE,Glaxo SmithKline Pharmaceuticals Ltd,strip of 10 tablets,Amoxycillin  (500mg) ,  Clavulanic Acid (125mg)
2,Azithral 500 Tablet,132.36,FALSE,Alembic Pharmaceuticals Ltd,strip of 5 tablets,Azithromycin (500mg),
3,Ascoril LS Syrup,118,FALSE,Glenmark Pharmaceuticals Ltd,bottle of 100 ml Syrup,Ambroxol (30mg/5ml) , Levosalbutamol (1mg/5ml) 
4,Allegra 120mg Tablet,218.81,FALSE,Sanofi India  Ltd,strip of 10 tablets,Fexofenadine (120mg),
5,Avil 25 Tablet,10.96,FALSE,Sanofi India  Ltd,strip of 15 tablets,Pheniramine (25mg),
6,Allegra-M Tablet,241.48,FALSE,Sanofi India  Ltd,strip of 10 tablets,Montelukast (10mg) , Fexofenadine (120mg)
7,Amoxyclav 625 Tablet,223.27,FALSE,Abbott,strip of 10 tablets,Amoxycillin  (500mg) ,  Clavulanic Acid (125mg)
8,Azee 500 Tablet,132.38,FALSE,Cipla Ltd,strip of 5 tablets,Azithromycin (500mg),
9,Atarax 25mg Tablet,85.5,FALSE,Dr Reddy's Laboratories Ltd,strip of 15 tablets,Hydroxyzine (25mg),
10,Ascoril D Plus Syrup Sugar Free,129,FALSE,Glenmark Pharmaceuticals Ltd,bottle of 100 ml Syrup,Phenylephrine (5mg) , Chlorpheniramine Maleate (2mg) 
11,Aciloc 150 Tablet,40.94,FALSE,Cadila Pharmaceuticals Ltd,strip of 30 tablets,Ranitidine (150mg),
12,Alex Syrup,129,FALSE,Glenmark Pharmaceuticals Ltd,bottle of 100 ml Syrup,Phenylephrine (5mg/5ml) , Chlorpheniramine Maleate (2mg/5ml) 
13,Anovate Cream,134.2,FALSE,USV Ltd,tube of 20 gm Cream,Phenylephrine (0.10% w/w) , Beclometasone (0.025% w/w) 
14,Augmentin Duo Oral Suspension,67.2,FALSE,Glaxo SmithKline Pharmaceuticals Ltd,bottle of 30 ml Oral Suspension,Amoxycillin  (200mg) ,  Clavulanic Acid (28.5mg)
15,Ambrodil-S Syrup,30.2,FALSE,Aristo Pharmaceuticals Pvt Ltd,bottle of 100 ml Syrup,Ambroxol (15mg/5ml) , Salbutamol (1mg/5ml)
16,Arkamin Tablet,72.65,FALSE,Torrent Pharmaceuticals Ltd,strip of 30 tablets,Clonidine (100mcg),
17,Avomine Tablet,55.98,FALSE,Abbott,strip of 10 tablets,Promethazine (25mg),
18,Asthakind-DX Syrup Sugar Free,70.4,FALSE,Mankind Pharma Ltd,bottle of 60 ml Syrup,Phenylephrine (5mg/5ml) , Chlorpheniramine Maleate (2mg/5ml) 
19,Allegra 180mg Tablet,251.2,FALSE,Sanofi India  Ltd,strip of 10 tablets,Fexofenadine (180mg),
20,Albendazole 400mg Tablet,9.58,FALSE,Cadila Pharmaceuticals Ltd,strip of 1 Tablet,Albendazole (400mg),
21,Asthalin Syrup,19.04,FALSE,Cipla Ltd,bottle of 100 ml Syrup,Salbutamol (2mg/5ml),
22,Alprax 0.25 Tablet,29,FALSE,Torrent Pharmaceuticals Ltd,strip of 15 tablets,Alprazolam (0.25mg),
23,Altraday Capsule SR,128,FALSE,Sun Pharmaceutical Industries Ltd,strip of 10 capsule sr,Aceclofenac (200mg) , Rabeprazole (20mg)
24,Ativan 2mg Tablet,91.87,FALSE,Pfizer Ltd,strip of 30 tablets,Lorazepam (2mg),
25,Ascoril LS Junior Syrup,96,FALSE,Glenmark Pharmaceuticals Ltd,bottle of 60 ml Syrup,Ambroxol (15mg/5ml) , Levosalbutamol (0.5mg/5ml) 
26,Asthalin 100mcg Inhaler,157.85,FALSE,Cipla Ltd,packet of 200 MDI Inhaler,Salbutamol (100mcg),
27,Almox 500 Capsule,80.26,FALSE,Alkem Laboratories Ltd,strip of 10 capsules,Amoxycillin (500mg),
28,Atarax 10mg Tablet,47.91,FALSE,Dr Reddy's Laboratories Ltd,strip of 15 tablets,Hydroxyzine (10mg),
29,Aciloc RD 20 Tablet,77,FALSE,Cadila Pharmaceuticals Ltd,strip of 15 tablets,Domperidone (10mg) , Omeprazole (20mg)
30,Aldactone Tablet,35.35,FALSE,RPG Life Sciences Ltd,strip of 15 tablets,Spironolactone (25mg),
31,Allegra Suspension Raspberry & Vanilla,188.78,FALSE,Sanofi India  Ltd,bottle of 100 ml Oral Suspension,Fexofenadine (30mg/5ml),
32,Atarax Syrup,110.25,TRUE,Dr Reddy's Laboratories Ltd,bottle of 100 ml Syrup,Hydroxyzine (10mg),
33,Amlokind-AT Tablet,44.7,FALSE,Mankind Pharma Ltd,strip of 15 tablets,Amlodipine (5mg) , Atenolol (50mg)
34,Axcer  90mg Tablet,420,FALSE,Sun Pharmaceutical Industries Ltd,strip of 14 tablets,Ticagrelor (90mg),
35,Ativan 1mg Tablet,75.67,FALSE,Pfizer Ltd,strip of 30 tablets,Lorazepam (1mg),
36,Alkasol Oral Solution,122.05,TRUE,Stadmed Pvt Ltd,bottle of 100 ml Oral Solution,Disodium Hydrogen Citrate (1.4gm/5ml),
37,Aldigesic P 100mg/325mg Tablet,110,FALSE,Alkem Laboratories Ltd,strip of 15 tablets,Aceclofenac (100mg) , Paracetamol (325mg)
38,Alfoo 10mg Tablet PR,687.75,FALSE,Dr Reddy's Laboratories Ltd,strip of 30 Tablet pr,Alfuzosin (10mg),
39,Alprax 0.5mg Tablet,66.9,FALSE,Torrent Pharmaceuticals Ltd,strip of 15 tablets,Alprazolam (0.5mg),
40,Arachitol 6L Injection,407.76,FALSE,Abbott,packet of 6 injections,Vitamin D3 (600000IU),
41,Anafortan 25 mg/300 mg Tablet,124.56,FALSE,Abbott,strip of 15 tablets,Camylofin (25mg) , Paracetamol (300mg)
42,Alex Junior Syrup,95,FALSE,Glenmark Pharmaceuticals Ltd,bottle of 60 ml Syrup,Chlorpheniramine Maleate (2mg/5ml) , Dextromethorphan Hydrobromide (5mg/5ml)
43,Azithral 200 Liquid,57.25,FALSE,Alembic Pharmaceuticals Ltd,bottle of 15 ml Oral Suspension,Azithromycin (200mg/5ml),
44,AB Phylline Capsule,162,FALSE,Sun Pharmaceutical Industries Ltd,strip of 10 capsules,Acebrophylline (100mg),
45,Althrocin 500 Tablet,110.3,FALSE,Alembic Pharmaceuticals Ltd,strip of 10 tablets,Erythromycin (500mg),
46,Augmentin DDS Suspension,173,FALSE,Glaxo SmithKline Pharmaceuticals Ltd,bottle of 30 ml Oral Suspension,Amoxycillin  (400mg/5ml) ,  Clavulanic Acid (57mg/5ml)
47,Azicip 500 Tablet,79.43,FALSE,Cipla Ltd,strip of 3 tablets,Azithromycin (500mg),
48,Aldigesic-SP Tablet,120,FALSE,Alkem Laboratories Ltd,strip of 10 tablets,Aceclofenac (100mg) , Paracetamol (325mg) 
49,Amoxycillin 500mg Capsule,31.9,TRUE,Jagsonpal Pharmaceuticals Ltd,strip of 10 capsules,Amoxycillin (500mg),
50,Asthakind Expectorant Sugar Free,64.22,FALSE,Mankind Pharma Ltd,bottle of 60 ml Expectorant,Guaifenesin (50mg) , Terbutaline (1.25mg) 
201,Acnesol A Nano Gel,206,FALSE,Systopic Laboratories Pvt Ltd,tube of 15 gm Gel,Adapalene (0.1% w/w) , Clindamycin (1% w/w)
202,Ascoril Flu Syrup,87.5,TRUE,Glenmark Pharmaceuticals Ltd,bottle of 60 ml Syrup,Chlorpheniramine Maleate (2mg/5ml) , Phenylephrine (5mg/5ml)
203,Asomex 2.5 Tablet,100.2,FALSE,Emcure Pharmaceuticals Ltd,strip of 15 tablets,S-Amlodipine (2.5mg),
204,Angiplat 2.5 Capsule TR,162.5,FALSE,Micro Labs Ltd,bottle of 25 capsule tr,Nitroglycerin (2.5mg),
205,Alkof Cofgel  Tablet,28,FALSE,Alkem Laboratories Ltd,strip of 10 tablets,Guaifenesin (NA) , Bromhexine (NA) 
206,Azithral 250mg DT Tablet,131.2,TRUE,Alembic Pharmaceuticals Ltd,strip of 10 tablet dt,Azithromycin (250mg),
207,Alzolam 0.25mg Tablet,17.45,FALSE,Sun Pharmaceutical Industries Ltd,strip of 10 tablets,Alprazolam (0.25mg),
208,Advent 625 Tablet,223.44,FALSE,Cipla Ltd,strip of 10 tablets,Amoxycillin  (500mg) ,  Clavulanic Acid (125mg)
209,Alsita M 50mg/500mg Tablet,89,FALSE,Alkem Laboratories Ltd,strip of 10 tablets,Sitagliptin  (50mg) ,  Metformin (500mg)
210,Axogurd-SR Tablet,175.25,FALSE,Alembic Pharmaceuticals Ltd,strip of 10 tablet sr,Methylcobalamin (1500mcg) , Pregabalin (75mg)
211,Azoflox UTI Tablet,135,FALSE,Mac Millon Pharmaceuticals Pvt Ltd,strip of 10 tablets,Ofloxacin (200mg) , Flavoxate (200mg)
212,Azulix 2 MF Tablet PR,225,FALSE,Torrent Pharmaceuticals Ltd,strip of 15 Tablet pr,Glimepiride (2mg) , Metformin (500mg)
213,Amaryl MV 2mg Tablet SR,213.42,FALSE,Sanofi India  Ltd,strip of 15 tablet sr,Glimepiride (2mg) , Metformin (500mg) 
214,Azulix 1 MF Tablet PR,155,FALSE,Torrent Pharmaceuticals Ltd,strip of 15 Tablet pr,Glimepiride (1mg) , Metformin (500mg)
215,Aten 25 Tablet,27.9,FALSE,Zydus Cadila,strip of 14 tablets,Atenolol (25mg),
216,Azibact 500 Tablet,132.37,FALSE,Ipca Laboratories Ltd,strip of 5 tablets,Azithromycin (500mg),
217,Amlopres TL Tablet,121.97,FALSE,Cipla Ltd,strip of 15 tablets,Telmisartan (40mg) , Amlodipine (5mg)
218,Ambrolite Syrup,82,FALSE,Tablets India Limited,bottle of 100 ml Syrup,Ambroxol (30mg/5ml),
219,Actapro Tablet,120,TRUE,Sun Pharmaceutical Industries Ltd,strip of 10 tablets,Acotiamide (100mg),
220,Aztor 20 Tablet,247.75,FALSE,Sun Pharmaceutical Industries Ltd,strip of 15 tablets,Atorvastatin (20mg),
221,Alkof Syrup,85,FALSE,Alkem Laboratories Ltd,bottle of 100 ml Syrup,Guaifenesin (50mg) , Terbutaline (1.25mg) 
222,Atorfit CV 10 Capsule,297,FALSE,Ajanta Pharma Ltd,strip of 15 capsules,Atorvastatin (10mg) , Clopidogrel (75mg)
223,Acnesol Gel,87,FALSE,Systopic Laboratories Pvt Ltd,tube of 20 gm Gel,Clindamycin (1% w/w),
33910,Chymoral Forte Tablet,423.4,FALSE,Torrent Pharmaceuticals Ltd,strip of 20 tablets,Trypsin Chymotrypsin (100000AU),
33911,Cheston Cold Tablet,46.75,FALSE,Cipla Ltd,strip of 10 tablets,Cetirizine (5mg) , Paracetamol (325mg) 
33912,Combiflam Tablet,46.05,FALSE,Sanofi India  Ltd,strip of 20 tablets,Ibuprofen (400mg) , Paracetamol (325mg)
33913,Clavam 625 Tablet,223.32,FALSE,Alkem Laboratories Ltd,strip of 10 tablets,Amoxycillin  (500mg) ,  Clavulanic Acid (125mg)
33914,Cyclopam Tablet,51.2,FALSE,Indoco Remedies Ltd,strip of 10 tablets,Dicyclomine (20mg) , Paracetamol (500mg)
33915,Cetrizine Tablet,18.48,FALSE,Knoll Pharmaceuticals Ltd,strip of 10 tablets,Cetirizine (10mg),
33916,Ceftum 500mg Tablet,474.05,FALSE,Glaxo SmithKline Pharmaceuticals Ltd,strip of 4 tablets,Cefuroxime (500mg),
33917,Candid-B Cream,139,FALSE,Glenmark Pharmaceuticals Ltd,tube of 20 gm Cream,Beclometasone (0.025% w/w) , Clotrimazole (1% w/w)
33918,Ciplox Eye/Ear Drops,18.88,FALSE,Cipla Ltd,bottle of 10 ml Eye/Ear Drops,Ciprofloxacin (0.3% w/v),
33919,Cefix 200 Tablet,119.39,FALSE,Cipla Ltd,strip of 10 tablets,Cefixime (200mg),
33920,Cyra-D Capsule,47,FALSE,Systopic Laboratories Pvt Ltd,strip of 10 capsules,Domperidone (30mg) , Rabeprazole (20mg)
33921,Cilacar 10 Tablet,176.13,FALSE,J B Chemicals and Pharmaceuticals Ltd,strip of 15 tablets,Cilnidipine (10mg),
33922,Cremaffin Plus  Syrup Refreshing Sugar Free,270.73,FALSE,Abbott,bottle of 225 ml Syrup,Sodium Picosulfate (3.33mg) , Liquid Paraffin (1.25ml) 
33923,Ciplox 500 Tablet,45.36,FALSE,Cipla Ltd,strip of 10 tablets,Ciprofloxacin (500mg),
33924,Crocin Advance Tablet,22.62,FALSE,GlaxoSmithKline Consumer Healthcare,strip of 20 tablets,Paracetamol (500mg),
33925,Crocin Pain Relief Tablet,65.73,FALSE,GlaxoSmithKline Consumer Healthcare,strip of 15 tablets,Caffeine (50mg) , Paracetamol (650mg)
50704,Ceficil 50 Dry Syrup,47.7,FALSE,Medicil Healthcare,bottle of 30 ml Oral Suspension,Cefixime (50mg/5ml),
