product_id,product_name,description,uses,benefits,side_effects,how_to_use,substitutes
1,Augmentin 625 Duo Tablet,"A combination antibiotic tablet containing Amoxycillin (penicillin-type) and Clavulanic Acid (beta-lactamase inhibitor) used to treat various bacterial infections.","Respiratory tract infections (pneumonia, bronchitis, sinusitis); Urinary tract infections; Skin and soft tissue infections; Ear infections (otitis media); Dental infections","Broad-spectrum antibiotic activity; Clavulanic acid overcomes bacterial resistance; Effective against both gram-positive and gram-negative bacteria; Multiple formulations available","Nausea; Vomiting; Diarrhea; Skin rash; Headache; Allergic reactions (in penicillin-sensitive patients); Elevated liver enzymes with prolonged use","Take one tablet orally with food twice daily (every 12 hours). Swallow whole with water. Complete the full prescribed course even if symptoms improve. Do not crush or chew.","Amoxyclav 625 Tablet; Advent 625 Tablet; Clavam 625 Tablet; Mox Clav 625 Tablet; Augpen 625 Tablet"
2,Azithral 500 Tablet,"A macrolide antibiotic that inhibits bacterial protein synthesis, used for treating a wide range of bacterial infections with a convenient once-daily dosing schedule.","Community-acquired pneumonia; Acute bacterial exacerbations of chronic bronchitis; Pharyngitis/tonsillitis; Skin and skin structure infections; Sexually transmitted infections (chlamydia)","Once-daily dosing for better compliance; Short treatment course (3-5 days); Long tissue half-life ensuring sustained action; Effective against atypical pathogens","Nausea; Diarrhea; Abdominal pain; Vomiting; Headache; Dizziness; Skin rash; QT prolongation (rare)","Take one tablet once daily preferably 1 hour before or 2 hours after meals. Swallow whole. Complete the full course as prescribed (usually 3-5 days).","Azee 500 Tablet; Azicip 500 Tablet; Azibact 500 Tablet; Azifast 500 Tablet; Zithromax 500mg Tablet"
3,Ascoril LS Syrup,"A combination syrup containing Ambroxol (mucolytic/expectorant) and Levosalbutamol (bronchodilator) that helps clear mucus and open airways for easier breathing.","Productive cough with mucus; Bronchial asthma; COPD; Bronchitis; Wheezing with cough","Dual action: thins and loosens mucus while relaxing bronchial muscles; Faster symptom relief compared to single-ingredient products; Suitable for adults and children","Nausea; Vomiting; Diarrhea; Tremors (due to levosalbutamol); Palpitations; Headache; Dryness in mouth","Adults: 10ml (2 teaspoons) three times daily. Children 6-12 years: 5ml three times daily. Shake well before use. Take after meals to reduce nausea.","Ascoril LS Junior Syrup; Ambrodil-S Syrup; Mucolite Syrup; Duolin Respules; Levolin Syrup"
4,Allegra 120mg Tablet,"A second-generation antihistamine that provides relief from allergic symptoms without causing significant drowsiness, suitable for daytime use.","Seasonal allergic rhinitis (hay fever); Perennial allergic rhinitis; Urticaria (hives); Skin allergies; Itching and sneezing due to allergies","Non-sedating antihistamine; Once or twice daily dosing; Does not impair cognitive function; Safe for daytime use including driving; Rapid onset of action","Headache; Nausea; Dizziness; Dry mouth; Sleepiness (rare); Back pain; Indigestion","Take one tablet twice daily (morning and evening) with water. Avoid taking with fruit juices (grapefruit, orange, apple) as they may reduce absorption.","Allegra 180mg Tablet; Allegra-M Tablet; Cetrizine Tablet; Cheston Cold Tablet; Telfas 120mg Tablet"
5,Avil 25 Tablet,"A first-generation antihistamine used for allergic conditions. May cause sedation, making it useful for allergic reactions that disrupt sleep.","Allergic rhinitis; Urticaria; Insect bites and stings; Motion sickness; Allergic conjunctivitis; Pruritus (itching)","Effective for acute allergic reactions; Helps with allergy-related insomnia; Inexpensive and widely available; Fast-acting","Drowsiness (significant); Dry mouth; Blurred vision; Urinary retention; Constipation; Dizziness; Confusion in elderly patients","Take 1 tablet 2-3 times daily after meals. Avoid driving or operating heavy machinery after taking this medicine. Do not take with alcohol.","Phenergan Tablet; Benadryl Allergy; Cetrizine Tablet; Atarax 10mg Tablet; Claritin Tablet"
6,Allegra-M Tablet,"A combination tablet with an antihistamine (Fexofenadine) and a leukotriene receptor antagonist (Montelukast) that provides comprehensive relief from allergic symptoms.","Allergic rhinitis (seasonal and perennial); Bronchial asthma; Allergic asthma; Chronic urticaria; Prevention of exercise-induced bronchoconstriction","Dual mechanism targeting both histamine and leukotriene pathways; Better symptom control than single agents; Non-sedating; Effective for both nose and lung allergic symptoms","Headache; Nausea; Diarrhea; Dizziness; Mood changes (with montelukast); Abdominal pain; Skin rash","Take one tablet once daily in the evening or as prescribed. Can be taken with or without food. Avoid fruit juices which may reduce absorption of fexofenadine.","Montair FX Tablet; Telekast-F Tablet; Montek LC Tablet; Romilast FX Tablet; Levo Cetrizine + Montelukast combinations"
7,Amoxyclav 625 Tablet,"A broad-spectrum combination antibiotic from Abbott containing Amoxycillin and Clavulanic Acid, similar in composition to Augmentin 625.","Respiratory infections; Urinary tract infections; Dental infections; Skin and soft tissue infections; Ear infections; Sinusitis","Broad-spectrum antibacterial activity; Overcomes beta-lactamase-mediated resistance; Well-established efficacy and safety profile","Diarrhea; Nausea; Vomiting; Stomach cramps; Skin rash; Allergic reactions; Yeast infections (thrush)","Take one tablet orally twice daily with food to minimize gastrointestinal side effects. Complete the full course as directed by your doctor.","Augmentin 625 Duo Tablet; Advent 625 Tablet; Clavam 625 Tablet; Mox Clav 625 Tablet; Clavix 625 Tablet"
8,Azee 500 Tablet,"Cipla's brand of Azithromycin 500mg, a macrolide antibiotic with broad-spectrum activity against gram-positive and atypical organisms.","Respiratory tract infections; Skin infections; Ear infections; Sexually transmitted diseases; Typhoid fever","Once-daily dosing; Short course (3-5 days) treatment; Excellent tissue penetration; Good tolerance profile","Nausea; Diarrhea; Abdominal discomfort; Vomiting; Headache; Elevated liver enzymes (rare)","Take one tablet once daily 1 hour before or 2 hours after meals. Complete the full course prescribed by doctor.","Azithral 500 Tablet; Azicip 500 Tablet; Azibact 500 Tablet; Zithromax 500mg; Aziwok 500 Tablet"
9,Atarax 25mg Tablet,"An antihistamine with anxiolytic and sedative properties, used for allergic conditions as well as anxiety and tension relief.","Anxiety and tension; Urticaria and other allergic skin conditions; Pruritus (itching); Nausea and vomiting; Pre-operative sedation","Dual antihistamine and anxiolytic action; Useful for allergy-related sleep disturbances; Non-addictive anxiolytic option; Also useful for motion sickness","Drowsiness; Dry mouth; Dizziness; Constipation; Urinary retention; Blurred vision; QT prolongation (high doses)","Take 1 tablet 3-4 times daily or as prescribed. Take at bedtime if drowsiness is a concern. Do not drive after taking. Avoid alcohol.","Atarax 10mg Tablet; Atarax Syrup; Hydroxyzine 25mg; Vistaril; UCerax 25mg Tablet"
10,Ascoril D Plus Syrup Sugar Free,"A combination cold remedy syrup with a decongestant (Phenylephrine) and antihistamine (Chlorpheniramine). Sugar-free formulation suitable for diabetics.","Common cold; Allergic rhinitis; Nasal congestion; Runny nose; Sneezing; Watery eyes associated with cold","Sugar-free formula safe for diabetics; Dual action decongestant and antihistamine; Reduces nasal stuffiness and allergy symptoms simultaneously","Drowsiness; Dry mouth; Nausea; Insomnia; Increased heart rate; Headache; Urinary difficulty","Adults: 10ml (2 teaspoons) three times daily. Children 6-12 years: 5ml once daily. Shake well before use.","Alex Syrup; Asthakind-DX Syrup; Ascoril Flu Syrup; Cheston Cold Tablet; Sinarest Syrup"
11,Aciloc 150 Tablet,"A histamine H2-receptor antagonist that reduces stomach acid production, used for gastric and duodenal ulcers, GERD, and acid-related conditions.","Peptic ulcer disease; Gastroesophageal reflux disease (GERD); Zollinger-Ellison syndrome; Prevention of stress ulcers; Heartburn and acidity","Reduces gastric acid secretion; Promotes ulcer healing; Relief from heartburn and indigestion; Once or twice daily dosing; Well-tolerated","Headache; Dizziness; Constipation; Diarrhea; Nausea; Rash; Elevated liver enzymes (rare)","Take one tablet twice daily (morning and bedtime) or as directed. Can be taken with or without food. Do not take antacids within 2 hours of this medicine.","Aciloc RD 20 Tablet; Rantac 150 Tablet; Zinetac 150mg; Histac 150 Tablet; Omeprazole 20mg capsules"
12,Alex Syrup,"A combination cold and allergy syrup from Glenmark with a decongestant and antihistamine for relief of cold and allergy symptoms.","Common cold; Nasal congestion; Runny nose; Sneezing; Allergic rhinitis; Watery eyes","Combination of decongestant and antihistamine; Fast-acting symptomatic relief; Available as syrup for easy administration","Drowsiness; Dry mouth; Nausea; Nervousness; Insomnia; Headache; Blurred vision","Adults: 10ml three times daily. Children 6-12 years: 5ml three times daily. Children 2-6 years: 2.5ml three times daily. Shake well before use.","Ascoril D Plus Syrup; Asthakind-DX Syrup; Sinarest Syrup; Cheston Cold Syrup; Febrex Plus Syrup"
13,Anovate Cream,"A topical combination cream with a vasoconstrictor (Phenylephrine) and corticosteroid (Beclometasone) for the treatment of hemorrhoids and anal fissures.","Internal and external hemorrhoids (piles); Anal fissures; Perianal itching; Anal inflammation and swelling; Post-hemorrhoidectomy care","Reduces inflammation and swelling; Relieves pain and itching; Vasoconstrictor shrinks hemorrhoidal tissue; Provides rapid local relief","Skin thinning with prolonged use; Local burning or stinging; Itching; Dryness; Perioral dermatitis; Systemic corticosteroid effects with excessive use","Apply a small amount to the affected area 2-3 times daily and after each bowel movement. Clean and dry the area before application. Wash hands after use. Do not use for more than 7 days without medical advice.","Proctosedyl Ointment; Ultraproct Ointment; Scheriproct Ointment; Lidocaine Hydrocortisone creams; Pilex Cream"
14,Augmentin Duo Oral Suspension,"A pediatric formulation of Amoxycillin-Clavulanate combination antibiotic in suspension form, suitable for children who cannot swallow tablets.","Respiratory infections in children; Ear infections (otitis media); Urinary tract infections; Skin infections; Dental infections in children","Child-friendly suspension formulation; Accurate pediatric dosing; Broad-spectrum antibiotic coverage; Palatable banana flavor","Diarrhea; Nausea; Vomiting; Skin rash; Allergic reactions; Diaper rash in infants","Reconstitute with water as directed. Shake well before each use. Dose based on child weight as prescribed by doctor. Refrigerate after reconstitution; discard unused portion after 7 days.","Augmentin 228.5 Suspension; Amoxyclav Suspension; Clavam 228.5 Syrup; Advent Dry Syrup; Mox Clav Suspension"
15,Ambrodil-S Syrup,"A mucolytic and bronchodilator combination syrup for productive cough with bronchospasm, helping to thin secretions and open airways.","Productive cough; Bronchial asthma with mucus; COPD with expectoration; Bronchitis; Tracheobronchitis","Dual action: breaks down mucus and dilates airways; Effective for asthmatic cough; Available as syrup; Suitable for adults and children","Tremors; Palpitations; Nausea; Headache; Dizziness; Hypokalemia with large doses of salbutamol","Adults: 10ml (2 teaspoons) three times daily. Children 6-12 years: 5ml three times daily. Children 2-6 years: 2.5ml three times daily. Take after meals.","Ascoril LS Syrup; Mucolite Syrup; Levolin Syrup; Asthalin Syrup; Salbair Syrup"
16,Arkamin Tablet,"A centrally acting alpha-2 adrenergic agonist used primarily for hypertension management, also used for attention deficit disorder and certain pain conditions.","Hypertension (high blood pressure); ADHD (off-label); Menopausal flushing; Opioid withdrawal symptoms; Migraine prevention","Effective in resistant hypertension; Useful when other antihypertensives are not tolerated; Can be used in combination with other BP medications","Dry mouth; Drowsiness; Dizziness; Constipation; Sedation; Rebound hypertension on abrupt discontinuation; Bradycardia","Take as directed by the doctor usually 2-3 times daily. Do not stop abruptly — taper dose gradually to avoid rebound hypertension. Monitor blood pressure regularly.","Catapres Tablet; Clonidine 0.1mg Tablet; Kapvay (extended-release); Nexiclon Tablet; Catapress-TTS Patch"
17,Avomine Tablet,"A phenothiazine derivative with antihistamine and antiemetic properties, used for motion sickness, nausea, vomiting, and allergic conditions.","Motion sickness (prevention and treatment); Nausea and vomiting; Allergic rhinitis; Urticaria; Pre-operative sedation; Vertigo","Effective antiemetic for motion sickness; Long duration of action; Useful for pre-procedural sedation; Also effective for allergy symptoms","Excessive sedation; Dry mouth; Blurred vision; Urinary retention; Extrapyramidal effects (rare); Photosensitivity; Tardive dyskinesia (long-term)","For motion sickness: take 1 tablet the night before and on the morning of travel. For nausea: 25mg at bedtime. Avoid alcohol. Do not drive or operate machinery.","Phenergan 25mg Tablet; Stemetil Tablet; Emeset Tablet; Ondem Tablet; Prochlorperazine 5mg Tablet"
18,Asthakind-DX Syrup Sugar Free,"A sugar-free cold and cough combination syrup from Mankind with decongestant and antihistamine properties.","Common cold; Nasal congestion; Allergic rhinitis; Runny nose; Sneezing; Cough associated with cold","Sugar-free formula for diabetic patients; Decongestant action reduces nasal stuffiness; Antihistamine reduces allergic symptoms","Drowsiness; Dry mouth; Nausea; Insomnia; Headache; Dizziness; Increased heart rate","Adults: 10ml (2 teaspoons) three times daily. Children 6-12 years: 5ml three times daily. Shake well before use. Take after meals.","Alex Syrup; Ascoril D Plus Syrup Sugar Free; Cheston Cold Syrup; Sinarest Syrup; Febrex Syrup"
19,Allegra 180mg Tablet,"A higher-dose formulation of Fexofenadine for more severe allergic conditions, providing long-lasting relief without significant sedation.","Chronic idiopathic urticaria; Severe seasonal allergic rhinitis; Perennial allergic rhinitis; Chronic skin allergies; Drug-induced allergic reactions","Once-daily dosing; Non-sedating; Effective for moderate to severe allergic conditions; Long duration of action (24 hours); Does not affect cognitive function","Headache; Nausea; Dizziness; Fatigue; Dry mouth; Back pain (rare); Dyspepsia","Take one tablet once daily with water. Avoid taking with grapefruit, orange, or apple juice. Can be taken with or without food. Take at the same time each day.","Allegra 120mg Tablet; Allegra-M Tablet; Fexova 180mg; Telfas 180mg; Fexo 180 Tablet"
20,Albendazole 400mg Tablet,"A broad-spectrum anthelmintic (anti-worm) agent used to treat various intestinal and tissue parasitic infections.","Intestinal worm infections (roundworm, hookworm, whipworm, pinworm); Neurocysticercosis; Hydatid disease; Giardiasis; Trichinosis","Broad-spectrum antiparasitic activity; Short course treatment (single dose for intestinal worms); Affordable and widely available; Effective against multiple parasites simultaneously","Nausea; Vomiting; Abdominal pain; Headache; Dizziness; Reversible elevation of liver enzymes; Hair loss (with prolonged use)","For intestinal worms: take one tablet as a single dose; may repeat after 2 weeks. For systemic infections: take with fatty food twice daily for 28 days. Take with milk or fatty meal to improve absorption.","Zentel 400mg Tablet; Noworm 400mg Tablet; Bandy Plus Tablet; Vermact 400mg; Alzole 400mg Tablet"
21,Asthalin Syrup,"A bronchodilator syrup containing Salbutamol that relaxes the muscles of the airways and opens them up for easier breathing, used for asthma and bronchospasm.","Bronchial asthma; COPD; Bronchospasm; Exercise-induced asthma; Wheezing in children; Croup","Rapid bronchodilation; Safe for use in children; Effective for acute asthma attacks; Available as syrup for pediatric use; Can be used as maintenance or rescue therapy","Tremors; Palpitations; Tachycardia; Headache; Nausea; Hypokalemia; Muscle cramps; Restlessness in children","Adults: 5-10ml three to four times daily. Children: dose based on weight as prescribed. Shake well before use. May be diluted with water if needed. Rinse mouth after use.","Asthalin 100mcg Inhaler; Levolin Syrup; Ventolin Syrup; Salbair Syrup; Salbutamol Syrup"
22,Alprax 0.25 Tablet,"A benzodiazepine anxiolytic drug used for the short-term management of anxiety disorders and panic disorder. Works by enhancing GABA effects in the brain.","Generalized anxiety disorder; Panic disorder; Short-term relief of anxiety symptoms; Anxiety with depression; Social anxiety disorder","Rapid onset of anxiolytic effect; Effective for acute anxiety management; Low starting dose with potential for dose titration; Short-term symptom relief","Drowsiness; Dizziness; Memory impairment; Dependence and withdrawal; Cognitive impairment; Depression; Paradoxical excitement (rare)","Take one tablet 2-3 times daily as prescribed. Do not exceed prescribed dose. Do not stop abruptly — taper gradually. Avoid alcohol. Do not drive or operate machinery.","Alzolam 0.25mg Tablet; Alprax 0.5mg Tablet; Restyl 0.25mg; Trika 0.25mg; Xanax 0.25mg"
23,Altraday Capsule SR,"A sustained-release combination capsule with an NSAID (Aceclofenac) and a proton pump inhibitor (Rabeprazole), providing pain relief while protecting the stomach lining.","Osteoarthritis; Rheumatoid arthritis; Ankylosing spondylitis; Chronic musculoskeletal pain; Post-surgical inflammation and pain","Once-daily dosing due to sustained-release formula; Built-in gastric protection from Rabeprazole; Effective for chronic inflammatory pain; Reduces need for separate gastric protectant","Nausea; Abdominal pain; Diarrhea; Headache; Dizziness; Elevated liver enzymes; Peripheral edema; Hypertension","Take one capsule once daily after breakfast. Do not crush or chew — swallow whole. Avoid alcohol. Monitor blood pressure regularly with long-term use.","Aceclo Plus Tablet; Aceclofenac 100mg + Rabeprazole; Zerodol-SP; Hifenac-MR; Nimesulide + Rabeprazole combinations"
24,Ativan 2mg Tablet,"A potent benzodiazepine used for severe anxiety, seizures, and as a pre-operative sedative. The 2mg formulation is used for moderate to severe indications.","Severe anxiety disorders; Status epilepticus; Pre-operative sedation; Insomnia associated with anxiety; Alcohol withdrawal; Chemotherapy-induced nausea","Potent and rapid anxiolytic effect; Effective for seizure control; Well-absorbed orally and parenterally; Also available in IV form for acute management","Sedation; Respiratory depression (high doses); Memory impairment; Dependence; Withdrawal syndrome; Dizziness; Ataxia; Confusion in elderly","Take exactly as prescribed by your specialist. Do not exceed prescribed dose. Do not discontinue abruptly. Avoid alcohol and other CNS depressants. Do not drive. Store as directed.","Ativan 1mg Tablet; Lorazepam 2mg Generic; Temesta 2mg; Tavor 2mg; Calm 2mg Tablet"
25,Ascoril LS Junior Syrup,"A pediatric formulation of Ascoril LS with lower doses of Ambroxol and Levosalbutamol, designed for younger children with productive cough and bronchospasm.","Productive cough in children; Wheezing in children; Pediatric bronchial asthma; Bronchitis in children; Obstructive airway diseases in infants","Child-appropriate dosing; Palatable syrup form; Dual mucolytic and bronchodilator action; Suitable for ages 2-12 years","Mild tremors; Restlessness; Nausea; Palpitations; Headache; Insomnia","Children 6-12 years: 5ml three times daily. Children 2-6 years: 2.5ml three times daily. Shake well before use. Take after meals to reduce stomach upset.","Ambrodil-S Syrup; Mucolite Syrup; Levolin Junior Syrup; Asthalin Syrup; Salbair Junior Syrup"
26,Asthalin 100mcg Inhaler,"A metered-dose inhaler (MDI) containing Salbutamol, a short-acting beta-2 agonist bronchodilator used as a rescue inhaler for acute asthma attacks.","Acute bronchospasm relief (rescue inhaler); Bronchial asthma; Exercise-induced bronchoconstriction; COPD bronchospasm; Wheezing episodes","Rapid bronchodilation within 5-15 minutes; Portable and convenient; Delivers drug directly to lungs; Fewer systemic side effects than oral bronchodilators; Long shelf life","Tremors; Palpitations; Tachycardia; Headache; Throat irritation; Paradoxical bronchospasm (rare); Hypokalemia with frequent use","Shake well before use. Breathe out fully. Place mouthpiece in mouth and close lips. Press down on inhaler while breathing in slowly. Hold breath for 10 seconds. Wait 30-60 seconds between puffs. Use spacer if available. Rinse mouth after use.","Ventolin Inhaler; Salbair Inhaler; Levolin Inhaler; Proair HFA; Proventil HFA"
27,Almox 500 Capsule,"Alkem's brand of Amoxycillin 500mg, a broad-spectrum penicillin antibiotic effective against many gram-positive and some gram-negative bacteria.","Respiratory tract infections; Urinary tract infections; Skin and soft tissue infections; Ear infections; Dental infections; H. pylori eradication (with other drugs)","Broad-spectrum antibiotic coverage; Good oral bioavailability; Affordable; Can be taken with food; Wide clinical experience","Diarrhea; Nausea; Vomiting; Skin rash; Allergic reactions; Yeast overgrowth; Pseudomembranous colitis (rare)","Take one capsule three times daily (every 8 hours) with or without food. Complete the full prescribed course. If allergic to penicillin do not use.","Amoxycillin 500mg Capsule; Novamox 500; Mox 500 Capsule; Trimox; Amoxil 500mg"
28,Atarax 10mg Tablet,"A lower-dose form of Hydroxyzine, an antihistamine with anxiolytic and anti-pruritic properties, suitable for milder cases or patients sensitive to higher doses.","Mild anxiety; Allergic pruritus; Urticaria; Atopic dermatitis; Pre-operative sedation (lower dose); Motion sickness","Safer starting dose for anxious patients; Less sedation than 25mg dose; Effective for skin allergies and itching; Non-addictive compared to benzodiazepines","Mild drowsiness; Dry mouth; Dizziness; Headache; Fatigue; Constipation; Blurred vision","Take 1 tablet 3-4 times daily as prescribed or as needed for itching. Can be increased to 25mg if needed. Avoid driving if drowsiness occurs.","Atarax 25mg Tablet; Atarax Syrup; Cetrizine 10mg Tablet; Allegra 120mg Tablet; UCerax 10mg"
29,Aciloc RD 20 Tablet,"A combination tablet with a proton pump inhibitor (Omeprazole) and a prokinetic agent (Domperidone) for comprehensive management of acid-related disorders with gastroparesis.","GERD with dysmotility; Gastroparesis; Functional dyspepsia; Peptic ulcer disease; Nausea and vomiting associated with GI disorders; Reflux esophagitis","Dual mechanism: reduces acid production and promotes gastric emptying; Better symptom control than single-agent PPI; Reduces both acid reflux and nausea","Headache; Diarrhea; Nausea; Dry mouth; Abdominal pain; QT prolongation (with domperidone — rare); Elevated prolactin","Take one tablet 30-60 minutes before meal preferably in the morning. Swallow whole — do not crush or chew. Continue for prescribed duration (usually 4-8 weeks for GERD).","Cyra-D Capsule; Omez-D Capsule; Pan-D Tablet; Rablet-D Tablet; Nexium + Domperidone combinations"
30,Aldactone Tablet,"A potassium-sparing diuretic and aldosterone antagonist used for hypertension, heart failure, edema, and certain hormonal conditions.","Heart failure; Hypertension; Edema associated with cirrhosis; Primary hyperaldosteronism; Polycystic ovary syndrome (PCOS); Hirsutism","Potassium-sparing diuretic (prevents hypokalemia); Cardioprotective in heart failure; Reduces mortality in severe heart failure; Anti-androgenic effects useful in PCOS","Hyperkalemia (dangerous); Gynecomastia; Menstrual irregularities; Breast tenderness; Dizziness; Nausea; Electrolyte imbalances","Take as prescribed usually once or twice daily with food. Monitor potassium levels regularly. Avoid potassium supplements and potassium-rich foods (bananas, oranges) unless directed. Check kidney function periodically.","Spiromide Tablet; Lasilactone Tablet; Inspra (Eplerenone); Aldace Tablet; Frusemide + Spironolactone combinations"
31,Allegra Suspension Raspberry & Vanilla,"A pleasant-tasting oral suspension of Fexofenadine for children, providing allergy relief without drowsiness in a palatable raspberry and vanilla flavor.","Seasonal allergic rhinitis in children; Chronic idiopathic urticaria in children; Skin allergies; Sneezing and runny nose in children","Child-friendly suspension form; Non-sedating antihistamine; Once-daily dosing; Pleasant taste improves compliance; Safe for children 2 years and above","Headache; Vomiting; Cold symptoms; Ear infection; Upper respiratory infections; Mild drowsiness (rare)","Shake well before use. Dose based on age/weight as prescribed. Do not mix with fruit juices. Measure dose carefully with provided measuring spoon. Store refrigerated after opening.","Allegra 120mg Tablet (for older children); Cetrizine Syrup; Levocetrizine Syrup; Atarax Syrup; Zyrtec Solution"
32,Atarax Syrup,"Hydroxyzine in syrup form, suitable for children or adults who cannot swallow tablets, with antihistamine and mild sedative properties.","Allergic skin conditions in children; Urticaria; Anxiety in children; Pre-procedural sedation in children; Pruritus; Motion sickness","Liquid formulation for easy administration; Useful for pediatric allergies and anxiety; Provides sedation when needed; Measured dosing possible","Sedation; Dry mouth; Constipation; Urinary retention; Dizziness; Paradoxical excitement in children (rare)","Dose based on weight/age as prescribed by pediatrician. Shake well before use. May be diluted with water. Measure dose carefully.","Cetrizine Syrup; Allegra Suspension; Levocetrizine Syrup; Phenergan Syrup; Benadryl Allergy Syrup"
33,Amlokind-AT Tablet,"A combination antihypertensive tablet with a calcium channel blocker (Amlodipine) and a beta-blocker (Atenolol) for effective blood pressure management.","Hypertension (high blood pressure); Angina pectoris (chest pain); Prevention of cardiovascular events; Hypertension with coronary artery disease","Dual mechanism for better blood pressure control; Once-daily dosing; Reduces both afterload and heart rate; Amlodipine counteracts peripheral vasoconstriction of Atenolol","Edema (ankle swelling); Bradycardia (slow heart rate); Dizziness; Headache; Fatigue; Cold extremities; Constipation; Depression","Take one tablet once daily preferably at the same time each day. Do not stop suddenly — taper gradually. Monitor heart rate and blood pressure. Report significant bradycardia.","Amlopres AT Tablet; Amlopin AT; Stamlo AT Tablet; Tenovate AM; Metolar XR 25mg + Amlodipine combinations"
34,Axcer 90mg Tablet,"An antiplatelet medication used to prevent blood clots in patients with acute coronary syndrome or those who have had a heart attack or stroke.","Acute coronary syndrome (ACS); Prevention of stroke and heart attack after ACS; Coronary artery disease; Prevention of thrombotic events post-PCI","More potent and faster-acting than clopidogrel; Reversible antiplatelet effect; Reduces mortality in ACS; Does not require metabolic conversion","Dyspnea (shortness of breath); Bleeding (major risk); Bradycardia; Headache; Nausea; Dizziness; Ventricular pauses; Elevated serum creatinine","Take one tablet twice daily with or without food. Always take with aspirin (low dose). Do not stop without consulting cardiologist. Report any unusual bleeding. Avoid NSAIDs.","Brilinta 90mg Tablet; Ticagrelor 90mg Generic; Clopidogrel 75mg (alternative); Prasugrel 10mg; Prasita 10mg"
35,Ativan 1mg Tablet,"The 1mg formulation of Lorazepam benzodiazepine, used for milder anxiety or as a starting dose, providing anxiolytic and sedative effects.","Mild to moderate anxiety; Pre-operative sedation; Insomnia associated with anxiety; Alcohol withdrawal; Acute agitation","Lower dose for sensitive patients; Effective anxiolytic; Intermediate duration of action; Well-absorbed orally; Also available in injectable form","Drowsiness; Dizziness; Memory impairment; Dependence; Withdrawal syndrome; Respiratory depression; Confusion in elderly","Take as prescribed. Start with lowest effective dose. Do not discontinue abruptly. Avoid alcohol. Do not drive. Inform doctor of all other medications (especially CNS depressants).","Ativan 2mg Tablet; Lorazepam 1mg Generic; Calm 1mg Tablet; Lorax 1mg; Restyl 0.25mg"
36,Alkasol Oral Solution,"An alkalinizing agent that increases urine pH, used for the management of urinary tract infections, gout, and renal calculi (certain types of kidney stones).","Urinary tract infections (to alkalinize urine); Uric acid kidney stones; Painful urination; Cystitis; Renal tubular acidosis; Gout with urinary symptoms","Alkalinizes urine to inhibit bacterial growth; Prevents uric acid crystal formation in kidneys; Reduces burning sensation during urination; Safe and well-tolerated","Nausea; Vomiting; Gastric discomfort; Abdominal pain; Diarrhea; Hypernatremia with excessive use","Mix 5ml (1 teaspoon) in half glass of water and take 3-4 times daily after meals or as prescribed. Ensure adequate fluid intake (2-3 liters of water daily). Monitor urine pH if recommended.","Citralka Syrup; Citrafleet; Potassium Citrate Tablets; Uralyt-U; Klotrix"
37,Aldigesic P 100mg/325mg Tablet,"A combination analgesic and anti-inflammatory tablet with an NSAID (Aceclofenac) and antipyretic (Paracetamol) for moderate pain and fever management.","Musculoskeletal pain; Post-operative pain; Toothache; Headache with inflammation; Fever with body ache; Menstrual pain; Rheumatic pain","Dual mechanism for better pain relief; Paracetamol adds antipyretic effect; Lower NSAID dose reduces GI side effects; Affordable combination","Nausea; Indigestion; Stomach pain; Headache; Dizziness; Gastric ulceration with prolonged use; Elevated liver enzymes","Take one tablet after meals 2-3 times daily for up to 5 days or as prescribed. Take with food or milk to reduce stomach upset. Do not exceed recommended dose. Avoid alcohol.","Aldigesic-SP Tablet; Zerodol-P Tablet; Hifenac-P Tablet; Aceclo Plus Tablet; Dolo 650 + Aceclofenac combination"
38,Alfoo 10mg Tablet PR,"An alpha-1 adrenoceptor blocker with extended-release formulation used for symptomatic treatment of benign prostatic hyperplasia (BPH) in men.","Benign prostatic hyperplasia (BPH); Urinary symptoms of BPH (frequency, urgency, poor flow); Urinary retention","Provides significant improvement in urinary flow; Reduces symptoms of BPH; Prolonged-release formula allows once-daily dosing; Selective for urinary tract alpha-1 receptors","Dizziness (especially on standing); Postural hypotension; Headache; Fatigue; Palpitations; Nausea; Intraoperative floppy iris syndrome (inform surgeon before cataract surgery)","Take one tablet once daily after a meal. Swallow whole — do not crush or chew. Take at bedtime to minimize dizziness. Rise slowly from sitting/lying position.","Xatral 10mg; Uroxatral 10mg; Urimax 0.4mg (tamsulosin); Flomax (tamsulosin); Finasteride 5mg combinations"
39,Alprax 0.5mg Tablet,"A medium-dose benzodiazepine anxiolytic for management of moderate anxiety disorders, panic attacks, and anxiety with depression.","Moderate anxiety disorder; Panic disorder with or without agoraphobia; Anxiety with depression; Insomnia due to anxiety; Social anxiety","Effective for moderate anxiety; Rapid onset of action; Helps break the panic attack cycle; Can be used with antidepressants for combined anxiety-depression","Sedation; Memory impairment; Coordination problems; Dependence; Withdrawal; Depression; Cognitive impairment; Paradoxical agitation","Take as prescribed by specialist. Usually 0.5mg 2-3 times daily. Never increase dose without medical advice. Taper gradually when discontinuing. Avoid alcohol and CNS depressants.","Alprax 0.25 Tablet; Alzolam 0.25mg Tablet; Restyl 0.5mg; Trika 0.5mg; Xanax 0.5mg"
40,Arachitol 6L Injection,"A high-dose intramuscular Vitamin D3 injection for treatment of severe Vitamin D deficiency conditions where rapid correction is needed.","Severe Vitamin D deficiency; Rickets in children; Osteomalacia; Hypoparathyroidism; Vitamin D-dependent rickets; Post-bariatric surgery malabsorption","Rapid correction of severe deficiency; Single-dose treatment effect lasting weeks to months; Eliminates need for daily supplements in non-compliant patients; Deep intramuscular depot injection effect","Pain at injection site; Hypercalcemia with excessive dosing; Nausea; Vomiting; Weakness; Headache; Polyuria; Kidney stones with overdose","Administered by healthcare professional as intramuscular injection only. Single injection; repeat as directed after checking Vitamin D levels. Do not self-administer.","Calcirol Sachet; Vitamin D3 60000IU Capsules; Arachitol Nano Sachet; Uprise-D3 Sachet; D3 Must Tablet"
41,Anafortan 25mg/300mg Tablet,"A combination of an antispasmodic (Camylofin) and an analgesic/antipyretic (Paracetamol) for relief of pain due to smooth muscle spasm.","Renal colic (kidney stone pain); Biliary colic; Menstrual cramps (dysmenorrhea); Abdominal spasm and pain; Visceral pain syndromes","Dual antispasmodic and analgesic action; Effective for colicky pain from hollow organs; Also provides fever relief; Fast-acting","Nausea; Dry mouth; Blurred vision; Dizziness; Constipation; Urinary retention; Tachycardia; Drowsiness","Take 1-2 tablets 2-3 times daily as prescribed. Take with food. Do not exceed recommended dose. Use cautiously in patients with urinary problems or glaucoma.","Buscopan Tablet; Cyclopam Tablet (Dicyclomine + Paracetamol); Drotaverine + Paracetamol; Meftal Spas Tablet; Spasmoproxyvon Tablet"
42,Alex Junior Syrup,"A pediatric cough and cold combination syrup with an antihistamine (Chlorpheniramine) and cough suppressant (Dextromethorphan), suitable for children.","Dry unproductive cough in children; Cold-related cough; Allergy-related cough; Night cough in children; Upper respiratory tract infections in children","Child-appropriate dosing; Antihistamine reduces runny nose; Cough suppressant provides relief from dry cough; Palatable formulation","Drowsiness; Dry mouth; Constipation; Nausea; Excitement in young children; Sedation; Blurred vision","Children 6-12 years: 5ml (1 teaspoon) 3-4 times daily. Children 2-6 years: 2.5ml 3-4 times daily. Shake well. Do not use in children under 2 years without medical advice.","Alex Syrup (adult); Ascoril D Plus Syrup; Febrex Junior Syrup; Sinarest Syrup; Kofarest Pediatric Drops"
43,Azithral 200 Liquid,"A pediatric suspension of Azithromycin for treating bacterial infections in children, in a palatable banana-strawberry flavor.","Community-acquired pneumonia in children; Ear infections in children; Pharyngitis; Skin infections; Sinusitis in children","Child-friendly oral suspension; Accurate pediatric dosing; Short 3-day course for most infections; Once-daily dosing improves compliance","Diarrhea; Nausea; Abdominal pain; Vomiting; Skin rash; Allergic reactions (rare)","Reconstitute with water as directed. Dose based on body weight (10mg/kg once daily for 3 days). Shake well before each use. Refrigerate after reconstitution; discard after 10 days.","Azee Suspension; Azicip 200 Suspension; Zithromax Pediatric Suspension; Azibact Suspension; Zithrox Suspension"
44,AB Phylline Capsule,"A bronchodilator and mucolytic agent combining the properties of aminophylline derivatives with expectorant action for chronic respiratory conditions.","Bronchial asthma; COPD; Chronic bronchitis; Emphysema; Wheezing; Productive cough with bronchospasm","Dual bronchodilator and mucolytic action; Reduces airway inflammation; Once or twice daily dosing; Effective for chronic respiratory management; Less side effects than theophylline","Nausea; Vomiting; Headache; Palpitations; Tremors; Insomnia; Gastric irritation; Tachycardia","Take one capsule twice daily with or after meals. Avoid coffee and caffeinated beverages as they may increase side effects. Do not crush or chew extended-release versions.","Acebrophylline 100mg Generic; Mucosolvan Retard; Duolin Inhaler; Asthalin Syrup; Theo-Asthalin Tablet"
45,Althrocin 500 Tablet,"A macrolide antibiotic used as an alternative to penicillin in penicillin-allergic patients, effective against gram-positive bacteria and atypical organisms.","Respiratory tract infections; Skin infections; Sexually transmitted infections (chlamydia); Pertussis (whooping cough); Diphtheria; Campylobacter infections","Penicillin alternative for allergic patients; Effective against atypical organisms; Available in multiple formulations; Also has prokinetic properties","Nausea; Vomiting; Abdominal cramps; Diarrhea; QT prolongation; Hearing loss (high doses); Drug interactions; Cholestatic jaundice (estolate form)","Take one tablet every 6 hours (four times daily) 30 minutes before meals or on empty stomach for better absorption. Complete the full course as prescribed.","Erythromycin 500mg Generic; Ery-Tab; Erythrocin 500mg; Ilosone 500; E-Mycin 500"
46,Augmentin DDS Suspension,"A double-strength pediatric suspension of Amoxycillin-Clavulanate for children requiring higher doses, reducing the total volume of suspension needed.","Pediatric respiratory infections; Otitis media; Urinary tract infections in children; Skin infections in children; Sinusitis in children; Tonsillitis","Higher concentration reduces dose volume; Fewer doses possible for the same antibiotic effect; Broad-spectrum antibiotic coverage; Palatable formulation","Diarrhea; Nausea; Vomiting; Skin rash; Diaper rash; Allergic reactions","Reconstitute with water as directed. Dose based on body weight per doctor's prescription. Shake well before each use. Refrigerate after reconstitution; discard after 7 days.","Augmentin Duo Oral Suspension; Amoxyclav DDS Suspension; Clavam 457 Suspension; Advent DDS Suspension; Ticlavox DDS Suspension"
47,Azicip 500 Tablet,"Cipla's Azithromycin 500mg formulation, a macrolide antibiotic with a 3-5 day short course treatment for bacterial infections.","Respiratory infections; Skin infections; Sexually transmitted infections; Typhoid; Ear infections","Short course treatment; Once-daily dosing; Good tissue penetration; Effective against gram-positive and atypical bacteria; Well-tolerated","Nausea; Diarrhea; Abdominal discomfort; Vomiting; Skin rash; Headache; QT prolongation (rare)","Take one tablet once daily 1 hour before or 2 hours after meals. Take for 3-5 days as prescribed. Complete the full course.","Azithral 500 Tablet; Azee 500 Tablet; Azibact 500 Tablet; Zithromax 500; Aziwok 500"
48,Aldigesic-SP Tablet,"A triple combination analgesic with anti-inflammatory NSAID, antipyretic, and a proteolytic enzyme (Serratiopeptidase) for enhanced anti-inflammatory effects.","Post-surgical inflammation and pain; Musculoskeletal disorders; Dental pain and swelling; Post-traumatic edema; Soft tissue injuries; Rheumatic pain","Triple action: anti-inflammatory, analgesic, and enzyme anti-inflammatory; Serratiopeptidase reduces post-operative swelling; Faster resolution of inflammation and pain","Nausea; Stomach upset; Headache; Dizziness; Rash; GI bleeding with prolonged use; Elevated liver enzymes","Take one tablet twice daily after meals. Do not exceed recommended dose. Avoid in patients with active peptic ulcers. Do not take with antacids simultaneously.","Aldigesic P Tablet; Zerodol-SP Tablet; Hifenac-SP Tablet; Movon-SP Tablet; Aceclo Plus Tablet"
49,Amoxycillin 500mg Capsule,"A generic formulation of Amoxycillin, a widely used broad-spectrum penicillin antibiotic for treating common bacterial infections.","Respiratory infections; UTI; Ear infections; Skin infections; Dental infections; H. pylori eradication (in combination)","Affordable generic option; Well-established efficacy; Good oral bioavailability; Wide clinical experience","Diarrhea; Nausea; Skin rash; Allergic reactions; Yeast infections; Headache","Take one capsule three times daily (every 8 hours). Can be taken with or without food. Complete full course as prescribed.","Almox 500 Capsule; Novamox 500mg; Mox 500 Capsule; Amoxil 500mg; Amoxicillin 500mg"
50,Asthakind Expectorant Sugar Free,"A sugar-free expectorant and bronchodilator combination syrup that loosens mucus and dilates airways for easier expectoration.","Productive cough; Bronchial asthma with mucus; COPD; Bronchitis; Wheezing with mucus; Asthma in diabetic patients","Sugar-free suitable for diabetics; Dual mucolytic and bronchodilator action; Loosens sticky secretions; Helps clear airway","Tremors; Palpitations; Nausea; Headache; Dizziness; Hypokalemia; Insomnia; Tachycardia","Adults: 10ml (2 teaspoons) three times daily. Children: dose as per weight/age. Shake well before use. Take after meals. Drink plenty of water to help loosen mucus.","Alkof Syrup; AB Phylline Capsule; Ascoril LS Syrup; Mucolite Syrup; Tedral SA Tablet"
201,Acnesol A Nano Gel,"A combination topical gel for acne treatment containing a retinoid (Adapalene) and an antibiotic (Clindamycin) in nano-formulation for better skin penetration.","Acne vulgaris; Inflammatory acne; Comedonal acne; Mild to moderate acne; Antibiotic-resistant acne","Dual mechanism: antibiotic kills bacteria and retinoid normalizes skin cell turnover; Nano-formulation improves penetration; Reduces inflammation and comedones; Prevents antibiotic resistance","Skin dryness; Peeling; Redness; Burning sensation; Photosensitivity; Initial acne flare (purging); Mild irritation","Apply a thin layer to cleansed dry skin once daily at bedtime. Avoid eyes, lips, and mucous membranes. Use sunscreen during the day. Start every other day if irritation occurs. Results seen in 4-8 weeks.","Acnesol Gel (clindamycin only); Deriva-C Gel; Epiduo Gel; Differin + Clindamycin; Acnil Gel"
202,Ascoril Flu Syrup,"Glenmark's cold and flu syrup combining antihistamine and decongestant for symptomatic relief of common cold and flu symptoms.","Common cold and flu; Nasal congestion; Allergic rhinitis; Runny nose; Sneezing; Watery eyes associated with cold","Effective symptom relief for cold; Reduces nasal congestion; Antihistamine controls allergy symptoms; Available as palatable syrup","Drowsiness; Dry mouth; Insomnia; Nausea; Dizziness; Urinary retention; Increased heart rate","Adults: 10ml three times daily. Children 6-12 years: 5ml three times daily. Shake well before use. Take after meals.","Alex Syrup; Ascoril D Plus Syrup; Asthakind-DX Syrup; Cheston Cold Syrup; Sinarest Syrup"
203,Asomex 2.5 Tablet,"The pharmacologically active S-enantiomer of Amlodipine, a calcium channel blocker for hypertension and angina with potentially fewer side effects than racemic Amlodipine.","Hypertension (high blood pressure); Stable angina pectoris; Vasospastic angina; Prevention of cardiovascular events","S-isomer with potentially fewer side effects (less ankle edema); Once-daily dosing; Long-acting smooth blood pressure control; Cardioprotective; Well-tolerated","Ankle edema (less than Amlodipine); Flushing; Headache; Dizziness; Palpitations; Nausea; Fatigue","Take one tablet once daily with or without food. Take at the same time each day. Do not stop abruptly. Monitor blood pressure regularly. Report significant edema.","Amlopres 2.5 Tablet (Amlodipine); Amlodipine 5mg (standard); Stamlo 5mg; Calchek 5mg; Aten AM Tablet"
204,Angiplat 2.5 Capsule TR,"A timed-release capsule of Nitroglycerin (glyceryl trinitrate) for prevention of angina attacks, providing sustained nitrate vasodilation.","Prevention of angina pectoris; Chronic stable angina; Variant angina; Heart failure (adjunct); Hypertensive emergency (parenteral form)","Timed-release for prolonged action; Prevents angina attacks when taken regularly; Reduces cardiac preload and afterload; Improves coronary blood flow","Headache (throbbing); Dizziness; Flushing; Hypotension; Tolerance with continuous use; Reflex tachycardia; Fainting","Take one capsule twice daily (morning and evening) on an empty stomach. Allow a nitrate-free interval of 8-12 hours to prevent tolerance. Do not crush or chew. Sit or lie down if dizziness occurs.","Nitrocontin Tablet; Sustac Tablet; Isosorbide Mononitrate (ISDN) Tablet; Monotrate 10mg; Isosorb Retard"
205,Alkof Cofgel Tablet,"A combination expectorant tablet with two mucolytic agents (Guaifenesin and Bromhexine) for productive cough with thick sticky secretions.","Productive cough; Chronic bronchitis; Bronchiectasis; COPD with mucus; Post-infectious cough with secretions","Dual mucolytic action; Loosens and thins mucus for easier coughing; Reduces cough frequency by clearing secretions; Affordable combination","Nausea; Vomiting; Gastric irritation; Dizziness; Diarrhea; Rash (rare); Headache","Take 1-2 tablets three times daily after meals. Drink plenty of water (2-3 glasses after each dose) to enhance mucolytic effect. Do not suppress cough reflex with antitussives simultaneously.","Alkof Syrup; Mucolite Tablet; Bromhex 8mg Tablet; Ascoril LS Tablet; Alex Tablet"
206,Azithral 250mg DT Tablet,"A dispersible tablet formulation of Azithromycin 250mg that can be dissolved in water, convenient for patients with swallowing difficulty.","Mild to moderate respiratory infections; Skin infections; Ear infections; Sexually transmitted infections; Pediatric infections requiring azithromycin","Dispersible tablet for easy administration; Lower dose for milder infections; Short course treatment; Suitable for patients who have difficulty swallowing","Nausea; Diarrhea; Abdominal pain; Vomiting; Headache; Skin rash","Dissolve tablet in half a glass of water and drink immediately. Take once daily 1 hour before or 2 hours after meals. Usually given for 3-5 days.","Azithral 500 Tablet; Azee 250mg; Azicip 250mg; Azibact 250mg DT; Azithromycin 500mg"
207,Alzolam 0.25mg Tablet,"Sun Pharma's brand of Alprazolam 0.25mg, a low-dose benzodiazepine for mild anxiety and stress-related conditions.","Mild anxiety disorders; Stress-related symptoms; Anxiety with depression; Short-term insomnia; Performance anxiety","Low starting dose; Rapid anxiolytic effect; Helps with situational anxiety; Can be combined with antidepressants","Drowsiness; Dizziness; Memory problems; Dependence potential; Withdrawal symptoms; Cognitive impairment; Paradoxical excitation","Take as prescribed (usually 0.25mg 2-3 times daily). Do not increase dose without medical advice. Taper gradually when stopping. Avoid alcohol. Do not drive.","Alprax 0.25 Tablet; Restyl 0.25mg; Trika 0.25mg; Xanax 0.25mg; Benzodiazepine alternatives"
208,Advent 625 Tablet,"Cipla's brand of Amoxycillin-Clavulanate 625mg combination antibiotic for treating resistant bacterial infections.","Respiratory tract infections; Urinary tract infections; Skin infections; Dental infections; Ear and sinus infections; Intra-abdominal infections","Broad-spectrum antibiotic; Clavulanic acid overcomes beta-lactamase resistance; Well-tolerated; Available from a trusted manufacturer","Diarrhea; Nausea; Vomiting; Skin rash; Allergic reactions; GI discomfort; Elevated liver enzymes","Take one tablet twice daily with food. Complete the full prescribed course. Do not use if allergic to penicillin.","Augmentin 625 Duo Tablet; Amoxyclav 625 Tablet; Clavam 625 Tablet; Mox Clav 625; Clavix 625 Tablet"
209,Alsita M 50mg/500mg Tablet,"A combination tablet for type 2 diabetes management with a DPP-4 inhibitor (Sitagliptin) and a biguanide (Metformin), providing complementary glucose-lowering mechanisms.","Type 2 diabetes mellitus; HbA1c management; Fasting and postprandial glucose control; Combination therapy when single agent is inadequate","Dual mechanism: Metformin improves insulin sensitivity; Sitagliptin enhances incretin effect; Low risk of hypoglycemia; Weight-neutral; Well-tolerated","Nausea; Diarrhea; Abdominal discomfort; Headache; Upper respiratory infections; Nasopharyngitis; Lactic acidosis (rare with Metformin); Pancreatitis (rare)","Take twice daily with meals to reduce GI side effects. Monitor blood glucose regularly. Check kidney function periodically. Avoid alcohol.","Janumet 50/500; Glucovance; Vildagliptin + Metformin combinations; Galvus Met; Trajenta Duo"
210,Axogurd-SR Tablet,"A sustained-release combination for neuropathic pain management with a neurotropic B12 vitamin (Methylcobalamin) and an anticonvulsant/analgesic (Pregabalin).","Diabetic neuropathy; Post-herpetic neuralgia; Fibromyalgia; Generalized anxiety disorder; Neuropathic pain syndromes; Peripheral neuropathy","Dual neuroprotective and analgesic action; Pregabalin reduces nerve pain; Methylcobalamin helps nerve regeneration; Sustained-release for consistent blood levels; Once-daily dosing","Dizziness; Somnolence; Weight gain; Edema; Blurred vision; Impaired concentration; Dry mouth; Pregabalin dependence potential","Take one tablet once daily as prescribed. Do not stop abruptly — taper gradually. Avoid driving or operating machinery if drowsy. Avoid alcohol. Take at bedtime to minimize daytime drowsiness.","Pregabalin + Methylcobalamin Generic; Meconerve Forte; Pregalin M SR; Nervigesic M SR; Neurogabalin-M"
211,Azoflox UTI Tablet,"A combination tablet for urinary tract infections with an antibiotic (Ofloxacin) and an antispasmodic (Flavoxate) to treat both infection and associated urinary symptoms.","Urinary tract infections (UTI); Cystitis; Pyelonephritis; Urethritis; Painful urination; Urinary frequency and urgency with infection","Antibiotic kills causative bacteria; Flavoxate relieves painful urinary spasms; Comprehensive UTI management in one tablet; Reduces both infection and symptoms simultaneously","Nausea; Diarrhea; Headache; Dizziness; Dry mouth; Photosensitivity; Tendon problems with fluoroquinolones; Blurred vision (Flavoxate)","Take one tablet twice daily with a full glass of water. Take 1 hour before or 2 hours after meals. Drink plenty of water (2-3 liters daily). Avoid sun exposure. Complete the full antibiotic course.","Ofloxacin 200mg + Flavoxate; Uroflox Tablet; Zoflut Tablet; Norfloxacin + Tinidazole; Nitrofurantoin 100mg"
212,Azulix 2 MF Tablet PR,"A prolonged-release combination tablet for type 2 diabetes with a sulfonylurea (Glimepiride) and biguanide (Metformin) for glycemic control.","Type 2 diabetes mellitus; HbA1c reduction; Fasting and post-meal glucose control; When metformin alone is insufficient","Dual mechanism: Glimepiride stimulates insulin secretion; Metformin improves insulin sensitivity; Prolonged-release reduces side effects; Once or twice daily dosing","Hypoglycemia (risk with glimepiride); Nausea; Diarrhea; Weight gain; Lactic acidosis (rare); Skin rash; B12 deficiency with long-term use","Take with breakfast or first main meal. Monitor blood glucose regularly. Avoid skipping meals. Carry glucose tablets for hypoglycemia. Check kidney function annually.","Amaryl MV 2mg Tablet; Gliminyle M 2 Tablet; Zoryl M 2; Glycomet GP 2 Tablet; Glimepiride + Metformin generic"
213,Amaryl MV 2mg Tablet SR,"Sanofi's sustained-release combination tablet for type 2 diabetes, providing consistent blood sugar control throughout the day with once-daily dosing.","Type 2 diabetes mellitus; Reducing HbA1c; Controlling fasting and postprandial glucose; Add-on therapy when single agent is inadequate","Sustained-release formula for consistent glucose control; Reduces risk of hypoglycemia (less peak insulin stimulation); Convenient once-daily dosing; Comprehensive diabetes management","Hypoglycemia; Nausea; Diarrhea; Abdominal discomfort; Weight gain; Metallic taste; B12 deficiency; Lactic acidosis (rare)","Take one tablet once daily with breakfast. Swallow whole — do not crush. Monitor blood sugar at home. Attend regular doctor check-ups. Stay hydrated.","Azulix 2 MF Tablet PR; Gliminyle M 2; Zoryl M 2; Glycomet GP 2; Gluconorm G 2"
214,Azulix 1 MF Tablet PR,"A lower-dose version of the Glimepiride-Metformin combination for type 2 diabetes, suitable as starting therapy or for patients with lower insulin secretory needs.","Type 2 diabetes mellitus; Initial combination therapy; Elderly patients requiring lower Glimepiride doses; HbA1c control with lower hypoglycemia risk","Lower Glimepiride dose reduces hypoglycemia risk; Suitable starting therapy; Combined advantages of both drug classes; Prolonged-release formulation","Hypoglycemia (less than 2mg dose); Nausea; Diarrhea; Abdominal discomfort; Weight gain; Lactic acidosis (rare); B12 deficiency","Take one tablet once daily with breakfast. Do not skip meals. Monitor blood glucose regularly. Report episodes of low blood sugar (tremors, sweating, confusion).","Amaryl MV 1mg Tablet; Zoryl M 1; Glycomet GP 1 Tablet; Gliminyle M 1; Glucored 1mg"
215,Aten 25 Tablet,"A cardioselective beta-1 adrenoceptor blocker used for hypertension, angina, and prevention of cardiac events, with lower risk of respiratory side effects than non-selective beta-blockers.","Hypertension; Angina pectoris; Post-myocardial infarction; Certain cardiac arrhythmias; Prevention of migraine; Thyrotoxicosis (symptom control)","Cardioselective (less bronchospasm than propranolol); Once-daily dosing; Well-established safety profile; Reduces cardiac mortality post-MI; Affordable","Bradycardia; Fatigue; Cold extremities; Dizziness; Bronchoconstriction (mild); Depression; Sexual dysfunction; Hypoglycemia masking","Take once daily in the morning with or without food. Do not stop abruptly (risk of rebound angina). Monitor heart rate and blood pressure. Avoid in asthma or bradycardia.","Tenormin 25mg; Atenolol 50mg; Beta 25 Tablet; Bloktens 25; Betacard 25mg"
216,Azibact 500 Tablet,"Ipca Laboratories' brand of Azithromycin 500mg for treatment of bacterial infections with a short convenient course.","Respiratory infections; Skin infections; Ear infections; STIs; Community-acquired pneumonia; Typhoid","Short course (3-5 days); Once-daily dosing; Broad-spectrum activity; Good tolerance; Excellent tissue penetration","Nausea; Diarrhea; Abdominal pain; Vomiting; QT prolongation; Liver enzyme elevation (rare); Headache","Take one tablet once daily 1 hour before or 2 hours after meals. Complete full course as prescribed.","Azithral 500 Tablet; Azee 500 Tablet; Azicip 500 Tablet; Zithromax 500mg; Azifast 500 Tablet"
217,Amlopres TL Tablet,"A combination antihypertensive with an ARB (Telmisartan) and a calcium channel blocker (Amlodipine) for comprehensive blood pressure management.","Hypertension resistant to single agent; High cardiovascular risk hypertension; Hypertension with diabetes; Prevention of cardiovascular events","Dual mechanism provides additive BP lowering; Telmisartan is also cardioprotective and nephroprotective; Once-daily dosing; Well-tolerated combination; No ACE inhibitor cough","Ankle edema; Dizziness; Flushing; Headache; Fatigue; Hypotension; Hyperkalemia; Renal impairment (monitor)","Take one tablet once daily with or without food. Take at the same time each day. Monitor blood pressure and kidney function. Stay well hydrated. Report persistent edema.","Telmikind-AM Tablet; Telma-AM Tablet; Sartel-AM; Olmesartan + Amlodipine; Telmisartan 40mg + Amlodipine 5mg Generic"
218,Ambrolite Syrup,"A mucolytic syrup containing Ambroxol that breaks down thick mucus to make coughing more productive and easier, suitable for adults and children.","Productive cough; Bronchitis; Pneumonia with mucus; COPD; Mucolytic in respiratory infections; Pre and post-operative chest care","Pure mucolytic action; Thins and loosens secretions; Stimulates ciliary clearance; Well-tolerated; Available in multiple concentrations; Can be used with other respiratory medications","Nausea; Vomiting; Diarrhea; Dryness in mouth; Skin rash (rare); Gastric discomfort; Headache","Adults: 10ml (2 teaspoons) three times daily. Children 6-12 years: 5ml three times daily. Children 2-6 years: 2.5ml twice or three times daily. Take after meals. Drink plenty of water.","Mucolite Syrup; Ambroxol 30mg Syrup; Nasivion Plus Syrup; Sediplus Expectorant; Ambrex Syrup"
219,Actapro Tablet,"A prokinetic agent that enhances gastric motility and emptying by inhibiting acetylcholinesterase and muscarinic M1/M2 receptors, used for functional dyspepsia.","Functional dyspepsia; Postprandial bloating; Early satiety; Upper abdominal discomfort; Delayed gastric emptying; Gastroparesis","Novel mechanism of action; Effective for functional GI symptoms; Improves gastric motility; Does not cross blood-brain barrier (fewer neurological side effects); Well-tolerated","Diarrhea; Nausea; Headache; Liver enzyme elevation; Abdominal discomfort; Constipation; Allergic reactions (rare)","Take one tablet three times daily before meals. Take 30 minutes before each meal for optimal effect. Continue as directed by gastroenterologist.","Itopride 50mg Tablet; Domperidone 10mg Tablet; Mosapride 5mg Tablet; Metoclopramide; Pan-D Tablet"
220,Aztor 20 Tablet,"A statin medication that inhibits HMG-CoA reductase to reduce LDL cholesterol and prevent cardiovascular events.","Hypercholesterolemia; Prevention of cardiovascular disease; Atherosclerosis; Post-heart attack management; Dyslipidemia; Diabetic dyslipidemia","Significant LDL reduction; Cardiovascular event prevention; Plaque stabilization; Anti-inflammatory effects; Once-daily dosing; Well-established long-term safety","Muscle pain (myalgia); Elevated liver enzymes; Nausea; Headache; Diarrhea; Muscle damage (rhabdomyolysis — rare); New-onset diabetes (rare)","Take one tablet once daily preferably in the evening (liver synthesizes more cholesterol at night). Can be taken with or without food. Avoid large quantities of grapefruit juice. Monitor liver enzymes periodically.","Atorfit CV 10 Capsule; Lipitor 20mg; Tonact 20mg; Atorvastatin 20mg Generic; Rosuvastatin 10mg (alternative statin)"
221,Alkof Syrup,"An expectorant and bronchodilator combination syrup for productive cough with bronchospasm, helping clear airway secretions.","Productive cough with bronchospasm; Bronchial asthma; COPD; Bronchitis; Wheezing with mucus","Dual action: loosens mucus and opens airways; Terbutaline provides bronchodilation; Effective for asthmatic productive cough; Affordable combination","Tremors; Palpitations; Nausea; Headache; Dizziness; Insomnia; Hypokalemia; Tachycardia","Adults: 10ml (2 teaspoons) three times daily. Children: dose by age/weight. Shake well before use. Take after meals. Drink plenty of water.","Asthakind Expectorant Sugar Free; Alkof Cofgel Tablet; Ascoril LS Syrup; Mucolite Syrup; Terbutaline + Guaifenesin combinations"
222,Atorfit CV 10 Capsule,"A combination capsule for secondary prevention of cardiovascular events combining a statin (Atorvastatin) and antiplatelet agent (Clopidogrel).","Post-myocardial infarction; Post-PCI/stenting; Peripheral arterial disease; Prevention of stroke; Combined hypercholesterolemia with antiplatelet requirement","Dual cardiovascular protection; Convenient single-capsule therapy; Improves compliance; Reduces risk of both thrombotic events and atherosclerosis; Cost-effective","Bleeding (from Clopidogrel); Muscle pain; Liver enzyme elevation; Nausea; Gastric discomfort; Bruising; Rash; Rhabdomyolysis (rare)","Take one capsule once daily with or without food. Do not stop without cardiologist advice (risk of rebound). Report unusual bleeding. Avoid NSAIDs without medical advice. Monitor liver function.","Aztor 20 Tablet (statin only); Clopidogrel 75mg (antiplatelet only); Rosuvastatin + Clopidogrel; Lipvas CV Capsule; Storvas CV Capsule"
223,Acnesol Gel,"A topical antibiotic gel containing Clindamycin phosphate for treating acne vulgaris by reducing acne-causing bacteria on the skin.","Acne vulgaris; Inflammatory acne; Papulopustular acne; Mild to moderate acne; As part of combination acne therapy","Effective against Propionibacterium acnes; Reduces inflammation; Available as gel for easy application; Can be combined with benzoyl peroxide or retinoids; Well-tolerated","Skin dryness; Peeling; Burning or stinging sensation; Oiliness; Contact dermatitis; Antibiotic resistance with prolonged use; Diarrhea if absorbed systemically (rare)","Apply a thin layer to clean dry skin twice daily. Avoid eyes, mouth, and mucous membranes. Use for 8-12 weeks as prescribed. Consider combining with benzoyl peroxide to prevent resistance.","Acnesol A Nano Gel (with Adapalene); Clindac A Gel; Clindamycin Phosphate 1% Gel; Dalacin T; Evoclin Foam"
33910,Chymoral Forte Tablet,"A proteolytic enzyme tablet with Trypsin and Chymotrypsin that reduces inflammation and swelling by breaking down inflammatory proteins.","Post-surgical inflammation and edema; Traumatic injuries; Sprains and strains; Post-dental procedure swelling; Burns; Episiotomy healing; Sinusitis","Reduces post-operative swelling and inflammation; Accelerates tissue healing; Natural enzyme-based anti-inflammatory; Reduces bruising and edema; Suitable adjunct to NSAID therapy","Nausea; Vomiting; Gastric discomfort; Diarrhea; Skin rash; Allergic reactions (in susceptible individuals)","Take 1-2 tablets 3-4 times daily on empty stomach (30 minutes before meals). Swallow whole with water. Do not crush or chew. Continue as prescribed for 5-7 days post-procedure.","Serratiopeptidase 10mg Tablet; Wobenzym Tablet; Bromelain Tablet; Pepzyme Tablet; Papain enzyme preparations"
33911,Cheston Cold Tablet,"Cipla's combination cold tablet with a second-generation antihistamine (Cetirizine) and antipyretic (Paracetamol) for managing cold and allergy symptoms with fever.","Common cold with fever; Allergic rhinitis with fever; Hay fever; Cold-related symptoms (runny nose, sneezing); Mild fever with allergy","Dual action: antihistamine controls allergy symptoms; Paracetamol reduces fever and body ache; Low sedation (Cetirizine is non-sedating); Affordable and widely available","Mild drowsiness; Dry mouth; Headache; Nausea; Fatigue; Gastric upset; Dizziness","Take 1-2 tablets twice daily (morning and evening). Take after meals to reduce gastric upset. Do not exceed 4 tablets per day. Avoid alcohol.","Cetrizine Tablet + Paracetamol; Combiflam Cold; Sinarest Tablet; Febrex Plus Tablet; Crocin Cold & Flu"
33912,Combiflam Tablet,"Sanofi's combination analgesic tablet with an NSAID (Ibuprofen) and antipyretic (Paracetamol) for effective pain and fever management.","Headache; Fever; Toothache; Menstrual cramps; Musculoskeletal pain; Post-operative pain; Cold and flu symptoms; Rheumatic pain","Dual mechanism: Ibuprofen anti-inflammatory + Paracetamol analgesic/antipyretic; More effective than single agents for pain and fever; Widely available; Affordable; Trusted brand","Nausea; Stomach pain; Indigestion; Headache; Dizziness; GI bleeding with prolonged use; Kidney problems with excessive use; Hypertension","Take one tablet every 6-8 hours after meals. Do not exceed 3 tablets per day. Take with food or milk. Do not use for more than 5 days without medical advice. Avoid in children under 12.","Brufen 400mg Tablet; Ibugesic Plus; Crocin Pain Relief Tablet; Dolo 650 Tablet; Aldigesic P Tablet"
33913,Clavam 625 Tablet,"Alkem's brand of Amoxycillin-Clavulanate 625mg, a broad-spectrum combination antibiotic for bacterial infections.","Respiratory tract infections; UTI; Skin infections; Dental infections; Ear infections; Sinus infections","Broad-spectrum coverage; Beta-lactamase inhibitor prevents resistance; Well-tolerated; Established efficacy","Diarrhea; Nausea; Vomiting; Skin rash; Allergic reactions; GI discomfort","Take one tablet twice daily with food. Complete the full course. Do not use if penicillin-allergic.","Augmentin 625 Duo Tablet; Amoxyclav 625 Tablet; Advent 625 Tablet; Mox Clav 625; Clavix 625"
33914,Cyclopam Tablet,"A combination tablet with an antispasmodic (Dicyclomine) and analgesic/antipyretic (Paracetamol) for abdominal spasms and associated pain/fever.","Irritable bowel syndrome (IBS); Abdominal cramps; Menstrual cramps (dysmenorrhea); Gastric spasms; Infant colic; Colicky pain","Antispasmodic relieves intestinal spasms; Paracetamol provides pain and fever relief; Dual action for comprehensive GI symptom management; Available as tablet and drops","Dry mouth; Blurred vision; Urinary retention; Constipation; Dizziness; Drowsiness; Tachycardia; Nausea","Take 1-2 tablets 3 times daily before or after meals. Available as infant drops for colic — dose per pediatrician. Do not use in infants under 6 months without medical advice.","Anafortan Tablet; Spasmoproxyvon Tablet; Meftal Spas; Buscopan Tablet; Colicaid Drops"
33915,Cetrizine Tablet,"A second-generation non-sedating antihistamine that effectively controls allergy symptoms without significantly impairing daily activities.","Seasonal and perennial allergic rhinitis; Chronic urticaria; Allergic skin conditions; Hay fever; Allergic conjunctivitis; Insect bite reactions","Non-sedating at standard doses; Once-daily dosing; Effective for both nasal and skin allergy symptoms; Affordable; Available OTC; Rapid onset","Mild drowsiness; Dry mouth; Headache; Nausea; Fatigue; Dizziness; Urinary retention (rare); Palpitations (rare)","Take one tablet once daily preferably in the evening. Can be taken with or without food. Avoid alcohol if drowsiness occurs. Safe for use in adults and children over 6 years.","Allegra 120mg Tablet; Cheston Cold Tablet; Levocetrizine 5mg; Loratadine 10mg; Zyrtec 10mg"
33916,Ceftum 500mg Tablet,"A second-generation cephalosporin antibiotic effective against both gram-positive and gram-negative bacteria, commonly used for respiratory and urinary infections.","Community-acquired pneumonia; Acute exacerbations of chronic bronchitis; Urinary tract infections; Skin infections; Gonorrhea; Lyme disease","Broad-spectrum second-generation cephalosporin; Stable against many beta-lactamases; Good penetration into tissues; Effective alternative for penicillin-allergic patients (with caution)","Nausea; Diarrhea; Skin rash; Headache; Elevated liver enzymes; Allergic reactions; Pseudomembranous colitis (rare)","Take one tablet twice daily with food to improve absorption. Complete the full 7-10 day course. Swallow whole — do not crush (bitter taste). Monitor for allergic reactions.","Cefuroxime 500mg Generic; Zinnat 500mg; Ceforex 500mg; Cefizox 500mg; Cefadroxil 500mg (alternative cephalosporin)"
33917,Candid-B Cream,"A combination topical cream with an antifungal (Clotrimazole) and corticosteroid (Beclometasone) for inflammatory fungal skin infections.","Fungal skin infections with inflammation; Tinea corporis (ringworm); Tinea cruris (jock itch); Candidal skin infections; Intertrigo; Seborrheic dermatitis","Dual action: antifungal kills fungus and steroid reduces inflammation; Faster symptomatic relief than antifungal alone; Effective for multiple types of fungal infections; Well-tolerated","Skin thinning with prolonged use; Striae (stretch marks); Perioral dermatitis; Acneiform eruption; Burning; Itching; Superinfection with prolonged steroid use","Apply a thin layer to affected area twice daily (morning and evening). Do not apply to face or sensitive areas for more than 1 week. Avoid tight occlusive bandages. Wash hands after application.","Clotrimazole 1% Cream; Fluconazole + Betamethasone Cream; Quadriderm Cream; Tinaderm Cream; Surfaz-SN Cream"
33918,Ciplox Eye/Ear Drops,"Cipla's ophthalmic/otic solution containing Ciprofloxacin, a fluoroquinolone antibiotic, for treating bacterial infections of the eye and ear.","Bacterial conjunctivitis; Corneal ulcers; Bacterial ear infections (otitis externa); Chronic suppurative otitis media; Post-operative eye infections","Broad-spectrum antibacterial activity; Effective against gram-negative and gram-positive bacteria; Dual-use for both eye and ear infections; Quick-acting; Well-tolerated locally","Local burning or stinging; Temporary blurred vision (eye use); Crystalline precipitate in cornea (rare); Ear irritation; Rash; Superinfection with prolonged use","Eye: 1-2 drops in affected eye(s) every 2-4 hours for 2 days then every 4 hours for 5 days. Ear: 3-4 drops in affected ear twice daily. Tilt head after ear drops. Remove contact lenses before eye drops.","Ciprofloxacin 0.3% Eye/Ear Drops Generic; Ciloxan; Ocuflox; Oflox Eye Drops; Tobramycin Eye Drops"
33919,Cefix 200 Tablet,"A third-generation oral cephalosporin antibiotic with excellent activity against gram-negative bacteria, used for various bacterial infections.","Urinary tract infections; Respiratory tract infections; Gonorrhea; Typhoid fever; Ear infections; Salmonella infections","Broad-spectrum third-generation cephalosporin; Excellent gram-negative coverage; Once or twice daily dosing; Good bioavailability; Alternative to injectable antibiotics","Diarrhea; Nausea; Abdominal pain; Headache; Skin rash; Elevated liver enzymes; Allergic reactions; Pseudomembranous colitis (rare)","Take one tablet twice daily (every 12 hours) with or without food. Complete the full course. For gonorrhea: single 400mg dose. Monitor for allergic reactions especially in cephalosporin-sensitive patients.","Ceficil 50 Dry Syrup (pediatric); Suprax 200mg; Cefspan 200mg; Taxim-O 200mg; Mahacef 200mg"
33920,Cyra-D Capsule,"A combination capsule with a proton pump inhibitor (Rabeprazole) and prokinetic (Domperidone) for GERD, functional dyspepsia, and acid-related conditions with dysmotility.","GERD; Functional dyspepsia; Nausea and vomiting; Gastroparesis; Post-prandial fullness; Peptic ulcer disease","Dual mechanism: Rabeprazole reduces acid and Domperidone improves gastric emptying; Better symptom control than single PPI; Reduces both reflux and nausea; Convenient combination","Headache; Diarrhea; Dry mouth; QT prolongation (Domperidone — rare); Elevated prolactin; Nausea; Abdominal pain","Take one capsule once or twice daily 30-60 minutes before meals. Swallow whole. Continue for prescribed duration. Do not use with other QT-prolonging drugs.","Aciloc RD 20 Tablet; Omez-D Capsule; Pan-D Tablet; Rablet-D Tablet; Neksium-D Capsule"
33921,Cilacar 10 Tablet,"A unique dual L/N-type calcium channel blocker for hypertension that also blocks neuronal calcium channels, providing additional sympatholytic effects with less ankle edema than amlodipine.","Hypertension; Diabetic hypertension; Elderly hypertension; Hypertension with proteinuria; Angina pectoris","Dual calcium channel blocking (L + N type); Less ankle edema than conventional CCBs; Additional renoprotective effects; Once-daily dosing; Well-tolerated; Suitable for diabetic patients","Headache; Dizziness; Flushing; Palpitations; Ankle edema (less than Amlodipine); Constipation; Fatigue; Facial flushing","Take one tablet once daily with or without food. Take at same time each day. Do not stop abruptly. Monitor blood pressure and kidney function. Report excessive dizziness.","Amlodipine 5mg; Stamlo 5mg Tablet; Nifedipine Retard; Felodipine 5mg; Lercanidipine 10mg"
33922,Cremaffin Plus Syrup Refreshing Sugar Free,"A combination laxative syrup with a stimulant laxative (Sodium Picosulfate) and lubricant (Liquid Paraffin) for constipation management.","Chronic constipation; Pre-procedural bowel cleansing; Constipation in elderly; Post-operative constipation; Constipation with hard stools","Dual action: stimulates bowel movement and lubricates for easier passage; Effective overnight relief; Sugar-free formulation; Suitable for chronic constipation management","Abdominal cramps; Nausea; Diarrhea; Electrolyte imbalance with prolonged use; Dependency with long-term use; Anal leakage (liquid paraffin)","Take 5-15ml at bedtime. Start with lower dose and increase as needed. Take with a glass of water. Do not use for more than 7 days without medical advice. Maintain adequate fluid intake.","Duphalac Syrup (Lactulose); Softovac Powder; Laxicodyl Tablet; Ispaghula Husk Sachets; Bisacodyl 5mg Tablet"
33923,Ciplox 500 Tablet,"Cipla's brand of Ciprofloxacin 500mg, a broad-spectrum fluoroquinolone antibiotic effective against a wide range of gram-negative and gram-positive bacteria.","Urinary tract infections; Respiratory infections; Typhoid fever; Skin infections; Bone and joint infections; Anthrax; Sexually transmitted infections","Broad-spectrum fluoroquinolone; Excellent gram-negative coverage; Good oral bioavailability; Well-penetrating into tissues; Active against resistant organisms; Short course effective","Nausea; Diarrhea; Headache; Dizziness; Photosensitivity; Tendon rupture (rare); QT prolongation; Peripheral neuropathy; Confusion in elderly","Take one tablet twice daily (every 12 hours) with adequate water. Take 1-2 hours after meals. Avoid antacids within 2 hours. Avoid excessive sunlight. Complete the full course.","Ciprofloxacin 500mg Generic; Ciprobid 500; Cifran 500 Tablet; Ciplox-TZ (with Tinidazole); Ofloxacin 400mg"
33924,Crocin Advance Tablet,"GSK's brand of Paracetamol 500mg, one of the most widely used analgesics and antipyretics for pain and fever management with good safety profile.","Headache; Fever; Toothache; Mild to moderate pain; Menstrual pain; Cold and flu fever; Post-immunization fever; Joint pain","Safe and effective for all ages; Minimal GI side effects; No anti-platelet effect (safe in pre-surgery); Can be used in pregnancy; Non-prescription availability; Very affordable","Generally well-tolerated; Liver toxicity with overdose; Skin rash (rare); Nausea (rare); Allergic reactions (very rare); Kidney damage with chronic high-dose use","Adults: 500mg-1g (1-2 tablets) every 4-6 hours as needed. Maximum 4g (8 tablets) per day. Take with water. Do not take with other paracetamol-containing products. Avoid alcohol.","Dolo 650 Tablet; Crocin Pain Relief Tablet; Paracetamol 500mg Generic; Metacin Tablet; Febrinil Tablet"
33925,Crocin Pain Relief Tablet,"A combination analgesic with a higher dose of Paracetamol (650mg) and Caffeine, which enhances the pain-relieving effect, for moderate pain.","Moderate headache; Migraine; Post-operative pain; Menstrual pain; Fever with severe body ache; Toothache; Musculoskeletal pain","Higher paracetamol dose for moderate pain; Caffeine enhances analgesic effect; Rapid onset of action; Safe GI profile; Better for migraine than plain paracetamol; Trusted brand","Nausea; Gastric discomfort; Caffeine-related insomnia; Palpitations; Headache rebound with overuse; Liver toxicity with overdose; Restlessness","Take 1-2 tablets every 6-8 hours as needed. Do not exceed 4 tablets per day. Take with food if stomach upset occurs. Avoid other caffeine sources (coffee, tea). Do not use more than 5 days without medical advice.","Crocin Advance Tablet; Dolo 650 Tablet; Paracetamol 500mg; Saridon Tablet; Combiflam Tablet"
50704,Ceficil 50 Dry Syrup,"A pediatric dry suspension of Cefixime third-generation cephalosporin, for treating bacterial infections in children who cannot swallow tablets.","Urinary tract infections in children; Respiratory infections in children; Ear infections; Typhoid in children; Tonsillitis; Pharyngitis","Child-appropriate liquid formulation; Accurate pediatric dosing; Third-generation cephalosporin with broad gram-negative coverage; Twice or once daily dosing; Palatable formulation","Diarrhea; Nausea; Vomiting; Abdominal pain; Skin rash; Headache; Elevated liver enzymes; Allergic reactions","Reconstitute with water as directed. Dose based on body weight (8mg/kg/day in 1-2 divided doses). Shake well before each use. Refrigerate after reconstitution; discard after 14 days.","Cefix 200 Tablet (adult); Taxim-O 50mg Dry Syrup; Mahacef 50 Dry Syrup; Cefspan 50 Dry Syrup; Suprax 100mg/5ml Suspension"
